Study data,,,,,,,,,,,,Case Data,,,,,,,,,,,,,,,,,,,,,,,,,,,,,,,,,,,,
,,,,,,,,,,,,Treatment,,,,,,,,,,In Forests,,,,Biodiversity,,,,,,,,,,,Yield,,,,,,,,,,,
Study ID,Coder,study type,Date of study: start,Date of study: end,latitude (N/-S),longitude (E/-W),Country,Habitat type,PES category,ES measure measured from BD?,number of Treatments,Case ID,Intensity-broad,Within-study Intensity,measurements used for pooling,Justification for Intensity,Fertilization,Irrigation,Pesticides,Grazing,Mowing,Clear Cut(y/n),Selective Logging(y/n),Partial Logging(y/n),Additional Treatment,species group,species subgroup if provided,"trophic level, species guild",abundance data available(y/n),richness mean,richness SD,richness SE,Data source,# of Plots for BD measure,Plot size,plot size unit,product,quality assessment ,yield unit,yield mean,yield SD,yield SE,Data source,# of Plots for YD measure,Field size,field size unit,Misc comments if you are moved by the study,Comments 07042015
,,,,,,,,,,,,"1,2,3",,,,,,,,,,,,,comment,non-woody plants,,,,,,,Fig. 3,,,,"wheat, lumber, hay,  ...","1=very good, 2=acceptable(we need to do some work), 3=caution!need to do a lot of work",,,,,,,,,,
2318-Guretzky2005,KG,experimental,1996,2001,41.866667,-93.166667,USA,grassland/rangeland,grassland(hay),linked,3,1,low,single measure within one LUI,,"nongrazed, mowing of dead vegetation",no/NA,no/NA,no/NA,no/NA,yes,no/NA,no/NA,no/NA,,non-woody plants,vascular plants,primary producers,no,2.70,0.64,0.37,table 2,3,0.2,m²,forage,2,kg/ha/yr,NA,NA,0.00,NA,1,1,ha,"authors give a mean of 4 replicates for each of 3 landscape positions but no SD, mean and SE over landscape positions was used instead, 1AUM/ha=4380kg/ha/yr forage",
2318-Guretzky2005,SK,experimental,1996,2001,41.866667,-93.166667,USA,grassland/rangeland,grassland(hay),linked,3,1,medium,baseline LUI,,rotationally grazed by cows,no/NA,no/NA,no/NA,yes,no/NA,no/NA,no/NA,no/NA,,non-woody plants,vascular plants,primary producers,no,3.60,1.08,0.62,table 2,3,0.2,m²,forage,2,kg/ha/yr,3429.12,NA,,text in materials and methods,1,1,ha,,
2318-Guretzky2005,KG,experimental,1996,2001,41.866667,-93.166667,USA,grassland/rangeland,grassland(hay),linked,3,1,medium,increased LUI,,continuously grazed by cows,no/NA,no/NA,no/NA,yes,no/NA,no/NA,no/NA,no/NA,,non-woody plants,vascular plants,primary producers,no,4.10,1.15,0.67,table 2,3,0.2,m²,forage,2,kg/ha/yr,3684.48,NA,,text in materials and methods,1,1,ha,,
2318-Guretzky2005,group,experimental,1996,2001,41.866667,-93.166667,USA,grassland/rangeland,grassland(hay),linked,3,1,medium,pooled measures within one LUI,2,continuously grazed by cows,no/NA,no/NA,no/NA,yes,no/NA,no/NA,no/NA,no/NA,,non-woody plants,vascular plants,primary producers,no,3.85,2.71,1.11,table 2,6,0.2,m²,forage,2,kg/ha/yr,3556.80,180.57,,text in materials and methods,1,1,ha,,
,,,,,,,,,,,,,no LU,no LU,,,,,,,,,,,,,,,,,,,,,,,,,,,,,,,,,,
2457-Holbech2005,SK,observational,1993,1995,5.310389,-2.212579,GHA,forest,forest(wood),independent,2,1,low,baseline LUI,,reservates with selective logging,no/NA,no/NA,no/NA,no/NA,no/NA,no/NA,yes,no/NA,,birds,birds sampled by mist nets,primary consumers,yes,27.87,1.48,0.49,Table 4,9,1,ha,wood,,trees/ha,0.17,0.15,0.05,Table 2,9,1,ha,,
2457-Holbech2005,SK,observational,1993,1995,5.310389,-2.212579,GHA,forest,forest(wood),independent,2,1,low,increased LUI,,reservates with selective logging,no/NA,no/NA,no/NA,no/NA,no/NA,no/NA,yes,no/NA,,birds,birds sampled by mist nets,primary consumers,yes,31.00,0.85,0.49,Table 4,3,1,ha,wood,,trees/ha,2.36,0.98,0.57,Table 2,3,1,ha,,
,,,,,,,,,,,,,low,pooled measures within one LUI,,,,,,,,,,,,,,,,,,,,,,,,,,,,,,,,,,
2457-Holbech2005,SK,observational,1993,1995,5.310389,-2.212579,GHA,forest,forest(wood),independent,2,2,low,baseline LUI,,reservates with selective logging,no/NA,no/NA,no/NA,no/NA,no/NA,no/NA,yes,no/NA,,birds,birds sampled by transect walks,primary consumers,yes,66.49,4.62,1.54,Table 4,9,1,ha,wood,,trees/ha,0.17,0.15,0.05,Table 2,9,1,ha,,
2457-Holbech2005,SK,observational,1993,1995,5.310389,-2.212579,GHA,forest,forest(wood),independent,2,2,low,increased LUI,,reservates with selective logging,no/NA,no/NA,no/NA,no/NA,no/NA,no/NA,yes,no/NA,,birds,birds sampled by transect walks,primary consumers,yes,65.73,0.38,0.22,Table 4,3,1,ha,wood,,trees/ha,2.36,0.98,0.57,Table 2,3,1,ha,,
,,,,,,,,,,,,,low,pooled measures within one LUI,,,,,,,,,,,,,,,,,,,,,,,,,,,,,,,,,,
2507-Wolf2005,MB,observational,1995,1999,16.7,-92.616667,MEX,forest,forest(wood),independent,2,1,medium,pooled within one LUI,,"grazing, extensive exploitation",no/NA,no/NA,no/NA,yes,no/NA,no/NA,yes,no/NA,,non-woody plants,epiphytes,primary consumers,no,25.22,6.96,2.32,Table 2,9,1,stand,wood,,m²/ha,44.41,13.59,4.53,Table 1,9,1,ha,,
2507-Wolf2005,MB,observational,1995,1999,16.7,-92.616667,MEX,forest,forest(wood),independent,2,1,high,pooled within one LUI,,"fire and grazing, periodical clear cutting",no/NA,no/NA,no/NA,yes,no/NA,yes,no/NA,no/NA,,non-woody plants,epiphytes,primary consumers,no,18.00,4.20,1.59,Table 3,7,1,stand,wood,,m²/ha,39.26,11.34,4.29,Table 2,7,1,ha,,
2779-Villela2006,WV,observational,1995,1996,-21.4,-41.066667,BRA,forest,forest(wood),linked,2,1,no LU,no LU,,"natural forest, no management, unlogged",no/NA,no/NA,no/NA,no/NA,no/NA,no/NA,no/NA,no/NA,,woody plants,trees,primary producers,yes,40.00,6.20,3.10,table 1 species richness unlogged,4,2500,m²,wood,,trees harvested /0.25ha,0.00,0.00,0.00,Table 1,2,25,ha,,
2779-Villela2006,WV,observational,1995,1996,-21.4,-41.066667,BRA,forest,forest(wood),linked,2,1,low,pooled within one LUI,,"forest regrown after selected logging, no management",no/NA,no/NA,no/NA,no/NA,no/NA,no/NA,yes,no/NA,,woody plants,trees,primary producers,yes,45.00,4.50,2.25,table 1 species richness logged,4,2500,m²,wood,,trees harvested /0.25ha,9.00,4.90,,Table 1,2,25,ha,,
2997-Kern2006,SK,experimental,1951,1991,45.757365,-88.965392,USA,forest,forest(wood),independent,6,1,no LU,no LU,,forest regrown without further treatment,,no/NA,no/NA,no/NA,no/NA,no/NA,yes,no/NA,,non-woody plants,spring ephemerals,primary producers,yes,3.56,0.77,0.44,Figure 1,3,1,ha,wood,,m³/ha,0.00,0.00,0.00,Table 1,4,1,ha,this is still not perfect because I used yield in 4 years as plot replicates :(,
2997-Kern2006,SK,experimental,1951,1991,45.757365,-88.965392,USA,forest,forest(wood),independent,6,1,low,pooled within one LUI,,low intensity cutting in a 50years regenerated forest,no/NA,no/NA,no/NA,no/NA,no/NA,no/NA,yes,no/NA,"there are more, also lighter and heavier treatments but then harvest data is without sd",non-woody plants,spring ephemerals,primary producers,yes,3.71,3.64,2.10,Figure 1,3,1,ha,wood,,m³/ha,49.28,9.21,4.60,Table 1,4,1,ha,,
2997-Kern2006,SK,experimental,1951,1991,45.757365,-88.965392,USA,forest,forest(wood),independent,6,1,medium,pooled within one LUI,,"high intensity cutting in a 50years regenerated forest, but no clear cut",no/NA,no/NA,no/NA,no/NA,no/NA,no/NA,yes,no/NA,,non-woody plants,spring ephemerals,primary producers,yes,3.72,0.68,0.40,Figure 1,3,1,ha,wood,,m³/ha,57.50,2.07,1.04,Table 1,4,1,ha,,
2997-Kern2006,SK,experimental,1951,1991,45.757365,-88.965392,USA,forest,forest(wood),independent,6,2,no LU,no LU,,forest regrown without further treatment,,no/NA,no/NA,no/NA,no/NA,no/NA,yes,no/NA,,non-woody plants,summer flowering plants,primary producers,yes,3.99,1.09,0.63,Figure 1,3,1,ha,wood,,m³/ha,0.00,0.00,0.00,Table 1,4,1,ha,,
2997-Kern2006,SK,experimental,1951,1991,45.757365,-88.965392,USA,forest,forest(wood),independent,6,2,low,pooled within one LUI,,low intensity cutting in a 50years regenerated forest,no/NA,no/NA,no/NA,no/NA,no/NA,no/NA,yes,no/NA,,non-woody plants,summer flowering plants,primary producers,yes,4.23,4.14,2.39,Figure 1,3,1,ha,wood,,m³/ha,49.28,9.21,4.60,Table 1,4,1,ha,,
2997-Kern2006,SK,experimental,1951,1991,45.757365,-88.965392,USA,forest,forest(wood),independent,6,2,medium,pooled within one LUI,,"high intensity cutting in a 50years regenerated forest, but no clear cut",no/NA,no/NA,no/NA,no/NA,no/NA,no/NA,yes,no/NA,,non-woody plants,summer flowering plants,primary producers,yes,4.22,0.96,0.56,Figure 1,3,1,ha,wood,,m³/ha,57.50,2.07,1.04,Table 1,4,1,ha,,
3062-Wang2006,SK,observational,1996,2002,27.15,-81.183333,USA,grassland/rangeland,grassland(hay),independent,2,1,no LU,no LU,,"unmanaged grassland, no grazing",no/NA,no/NA,no/NA,no/NA,no/NA,no/NA,no/NA,no/NA,,non-arthropod invertebrates,nematodes,primary consumers,yes,23.00,11.31,8.00,"Table 3, June 2002,2003 ungrazed",2,1,m²,hay,,cm grass height,,,,"Table 1, grass height would be available",10,1,m²,"contact the authors, if biomass of grass is available, ES could also be cow-calf unit",
3062-Wang2006,SK,observational,1996,2002,27.15,-81.183333,USA,grassland/rangeland,grassland(hay),independent,2,1,medium,pooled within one LUI,,cattle grazing,no/NA,no/NA,no/NA,yes,no/NA,no/NA,no/NA,no/NA,,non-arthropod invertebrates,nematodes,primary consumers,yes,22.50,6.36,4.50,"Table 3, June 2002,2003 grazed",2,1,m²,hay,,cm grass height,,,,"Table 1, grass height would be available",10,1,m²,"contact the authors, if biomass of grass is available, ES could also be cow-calf unit",
3062-Wang2006,SK,observational,1996,2002,27.15,-81.183333,USA,grassland/rangeland,grassland(hay),independent,2,1,high,pooled within one LUI,,cattle grazing + fertilizer,yes,no/NA,no/NA,yes,no/NA,no/NA,no/NA,no/NA,,non-arthropod invertebrates,nematodes,primary consumers,yes,29.00,,,"Table 3, Nov 2002",1,1,m²,hay,,cm grass height,,,,"Table 1, grass height would be available",10,1,m²,"contact the authors, if biomass of grass is available, ES could also be cow-calf unit",
3124-Peters2006,SK,observational,1992,1992,-7.683333,-51.866667,BRA,forest,forest(wood),independent,2,1,no LU,no LU,,unlogged forest,no/NA,no/NA,no/NA,no/NA,no/NA,no/NA,no/NA,no/NA,,mammals,understorey bats,primary consumers,yes,42.60,19.68,8.80,Table 1,5,1,ha,wood,,trees/year,0.00,0.00,0.00,Method section,5,1,ha,no specific information on the amount of tree or wood extracted available,
3124-Peters2006,SK,observational,1992,1992,-7.683333,-51.866667,BRA,forest,forest(wood),independent,2,1,medium,pooled within one LUI,,selectively logged forest,no/NA,no/NA,no/NA,no/NA,no/NA,no/NA,yes,no/NA,,mammals,understorey bats,primary consumers,yes,42.40,23.03,10.30,Table 1,5,1,ha,wood,,trees/year,4.00,,,Method section,5,1,ha,no specific information on the amount of tree or wood extracted available,
3124-Peters2006,SK,observational,1992,1992,-7.683333,-51.866667,BRA,forest,forest(wood),independent,2,2,no LU,no LU,,unlogged forest,no/NA,no/NA,no/NA,no/NA,no/NA,no/NA,no/NA,no/NA,,mammals,canopy bats,primary consumers,yes,54.80,21.24,9.50,Table 1,5,1,ha,wood,,trees/year,0.00,0.00,0.00,Method section,5,1,ha,no specific information on the amount of tree or wood extracted available,
3124-Peters2006,SK,observational,1992,1992,-7.683333,-51.866667,BRA,forest,forest(wood),independent,2,2,medium,pooled within one LUI,,selectively logged forest,no/NA,no/NA,no/NA,no/NA,no/NA,no/NA,yes,no/NA,,mammals,canopy bats,primary consumers,yes,74.30,70.66,31.60,Table 1,5,1,ha,wood,,trees/year,4.00,,,Method section,5,1,ha,no specific information on the amount of tree or wood extracted available,
3273-Boncina2007,WV,experimental,1980,2001,45.616667,15,SVN,forest,forest(wood),independent,4,1,low,pooled within one LUI,,"no thinning, normal number of crop trees planted",no/NA,no/NA,no/NA,no/NA,no/NA,no/NA,no/NA,no/NA,,non-woody plants,herbaceous plants,primary producers,yes,32.00,15.56,11.00,table vii species richness c,4,400,m²,wood,,m³/ha,6.15,0.78,0.55,table IV - i 1990-2001,2,0.5,ha,,
3273-Boncina2007,WV,experimental,1980,2001,45.616667,15,SVN,forest,forest(wood),independent,4,1,medium,pooled within one LUI,,"moderate to high thinning intensity, crop trees planted",no/NA,no/NA,no/NA,no/NA,no/NA,no/NA,yes,no/NA,,non-woody plants,herbaceous plants,primary producers,yes,40.50,23.33,16.50,table vii species richness t,4,400,m²,wood,,m³/ha,11.15,0.49,0.35,table IV - i 1990-2001,2,0.5,ha,,
4675-Rondon2009,SK,experimental,1989,2005,-73.650667,-4.899167,PER,forest,forest(wood),linked,2,1,low,pooled within one LUI,,selectively logged primary forest before cutting,no/NA,no/NA,no/NA,no/NA,no/NA,no/NA,no/NA,no/NA,,woody plants,trees > 7.5 cm dbh,primary producers,yes,153.39,47.30,7.48,"Fig. 3 and 4, pool stats for treatment and sites",40,30 x 150,m²,timber,,m²/ha,,,,"not given, but low intensity logging",1,1,ha,,
4675-Rondon2009,KG,experimental,1989,2005,-73.650667,-4.899167,PER,forest,forest(wood),linked,2,1,medium,pooled within one LUI,,selectively logged primary rain forest before deferment cutting 1989,no/NA,no/NA,no/NA,no/NA,no/NA,no/NA,yes,no/NA,,woody plants,trees > 7.5 cm dbh,primary producers,yes,88.49,17.42,5.51,"Fig. 3 and 4, pool stats for treatment and sites",10,30 x 150,m²,timber,,m²/ha,23.09,,,"Fig.2, pool stats for deferment strip, calculate difference of basal area 1989 and 1990",1,1,ha,,
4675-Rondon2009,KG,experimental,1989,2005,-73.650667,-4.899167,PER,forest,forest(wood),linked,2,1,high,pooled within one LUI,,clearcut of primary rain forest in 1989,no/NA,no/NA,no/NA,no/NA,no/NA,yes,no/NA,no/NA,,woody plants,trees > 7.5 cm dbh,primary producers,yes,76.00,29.44,5.38,"Fig. 3 and 4, pool stats for treatment and sites",30,30 x 150,m²,timber,,m²/ha,25.21,0.45,0.32,"Fig.2, pool stats for strips 1 and 2 clearcut, calculate difference of basal area 1989 and 1991",2,1,ha,,
4788-Mosquera-Losada2009,SC,experimental,1998,2003,43.149118,-7.329973,ESP,forest,grassland(hay),linked,5,1,high,baseline LUI,,"Pinus plantation, no fertilization, no lime",no/NA,no/NA,no/NA,no/NA,no/NA,no/NA,no/NA,no/NA,,non-woody plants,,primary producers,yes,7.04,,,Fig. 4,12,0.09,m²,fodder,,t/ha,1.96,,,"Fig. 3 2003, no lime, no fertilizer",12,0.09,m²,"The yield measurement is t/ha or dry matter. For the yield, I took only the dry matter reported for pasture. I considered that the other two elements: needle and senescent material so not represent a provisioning ecosystem service. ",
4788-Mosquera-Losada2009,SC,experimental,1998,2003,43.149118,-7.329973,ESP,forest,grassland(hay),linked,5,1,high,increased LUI,,"Pinus plantation, high sewage application and lime application",yes,no/NA,no/NA,no/NA,no/NA,no/NA,no/NA,no/NA,,non-woody plants,,primary producers,yes,1.94,,,Fig. 4,12,0.09,m²,fodder,,t/ha,0.78,,,"Fig. 3 2003, lime, high sewage",12,0.09,m²,"The yield measurement is t/ha or dry matter. For the yield, I took only the dry matter reported for pasture. I considered that the other two elements: needle and senescent material so not represent a provisioning ecosystem service. ",
4788-Mosquera-Losada2009,SC,experimental,1998,2003,43.149118,-7.329973,ESP,forest,forest(wood),linked,5,2,high,baseline LUI,,"Pinus plantation, no fertilization, no lime",no/NA,no/NA,no/NA,no/NA,no/NA,yes,no/NA,no/NA,,woody plants,trees,primary producers,yes,7.04,,,Fig. 4,12,0.09,m²,wood,,treecover (%),48.21,,,"Fig. 2 2004, no lime, no fertilizer",12,0.09,m²,"The yield is in % treecover, since the plantation was planted at the same time, it should give an estimate of tree growth",
4788-Mosquera-Losada2009,SC,experimental,1998,2003,43.149118,-7.329973,ESP,forest,forest(wood),linked,5,2,high,increased LUI,,"Pinus plantation, mineral fertilization and lime application",yes,no/NA,no/NA,no/NA,no/NA,yes,no/NA,no/NA,,woody plants,trees,primary producers,yes,1.94,,,Fig. 4,12,0.09,m²,wood,,treecover (%),107.09,,,"Fig. 2 2004, lime and high sewage",12,0.09,m²,"The yield is in % treecover, since the plantation was planted at the same time, it should give an estimate of tree growth",
4822-Wu2009,WV,experimental,2005,2007,33.75,102.066667,CHN,grassland/rangeland,grassland(hay),linked,2,1,low,pooled within one LUI,,"area under protection project, only moderate grazing during hay seasons. still used for production",no/NA,no/NA,no/NA,no/NA,yes,no/NA,no/NA,no/NA,,non-woody plants,herbaceous plants,primary producers,yes,40.86,9.99,3.16,figure 2 - richness index fencing,10,10000,m²,hay,,g/m²,458.58,147.98,46.79,figure 2 - total productivity fencing,10,10.2 (1.4),ha,,
4822-Wu2009,WV,experimental,2005,2007,33.75,102.066667,CHN,grassland/rangeland,grassland(hay),linked,2,1,medium,pooled within one LUI,,"area with some grazing, medium density. used for hay production",no/NA,no/NA,no/NA,yes,yes,no/NA,no/NA,no/NA,,non-woody plants,herbaceous plants,primary producers,yes,52.99,11.24,3.55,figure 2 - richness index grazing,10,10000,m²,hay,,g/m²,235.01,82.21,26.00,figure 2 - total productivity grazing,10,26 (4.6),ha,,
5133-Sovu2009,SK,observational,2008,2008,18.273889,102.175278,LAO,forest,forest(wood),linked,3,1,medium,baseline LUI,,fallows of clear-cut forest that were cultivated once and then abandoned,no/NA,no/NA,no/NA,no/NA,no/NA,yes,no/NA,no/NA,,woody plants,trees,primary producers,yes,6.54,,0.23,Figure 4,,100,m²,wood,,m²/ha,8.97,,0.52,Figure 4,,100,m²,We can contact the authors asking for the sample size for fallows that had either one ore three crop-rotation cycles,
5133-Sovu2009,SK,observational,2008,2008,18.273889,102.175278,LAO,forest,forest(wood),linked,3,1,medium,increased LUI,,fallows of clear-cut forest that were cultivated three times and then abandoned,no/NA,no/NA,no/NA,no/NA,no/NA,yes,no/NA,no/NA,,woody plants,trees,primary producers,yes,4.83,,0.38,Figure 4,,100,m²,wood,,m²/ha,2.52,,0.74,Figure 4,,100,m²,,
5133-Sovu2009_2,MB,observational,2008,2008,18.273889,102.175278,LAO,forest,forest(wood),linked,2,1,no LU,no LU,,natural forest,no/NA,no/NA,no/NA,no/NA,no/NA,no/NA,no/NA,no/NA,,woody plants,trees,primary producers,no,204.00,,,Table 1,,,,wood,,m²/ha,35.60,,,Table 1,,,,,
5133-Sovu2009_2,MB,observational,2008,2008,18.273889,102.175278,LAO,forest,forest(wood),linked,2,1,medium,pooled within one LUI,,secondary forest,no/NA,no/NA,no/NA,no/NA,no/NA,no/NA,no/NA,no/NA,,woody plants,trees,primary producers,no,61.00,,,Table 1,,,,wood,,m²/ha,6.14,,,Table 1,,,,,
5963-Slade2011,KG,observational,2005,2005,5,117.5,MYS,forest,forest(wood),independent,3,1,no LU,no LU,,undisturbed natural forest,no/NA,no/NA,no/NA,no/NA,no/NA,no/NA,no/NA,no/NA,,arthropods,dung beetles,primary consumers,no,21.68,3.59,0.80,Fig 1c,20,NA,traps,wood,,m³/ha,0.00,0.00,0.00,Table 1,2,NA,NA,,
5963-Slade2011,KG,observational,2005,2005,5,117.5,MYS,forest,forest(wood),independent,3,1,low,pooled within one LUI,,selectively logged forest,no/NA,no/NA,no/NA,no/NA,no/NA,no/NA,yes,no/NA,,arthropods,dung beetles,primary consumers,no,21.78,2.70,0.60,Fig 1c,20,NA,traps,wood,,m³/ha,81.50,12.02,8.50,Table 1,2,NA,NA,,
5963-Slade2011,KG,observational,2005,2005,5,117.5,MYS,forest,forest(wood),independent,3,1,high,pooled within one LUI,,high-intensity logged forest,no/NA,no/NA,no/NA,no/NA,no/NA,no/NA,no/NA,yes,,arthropods,dung beetles,primary consumers,no,20.08,2.16,0.48,Fig 1c,20,NA,traps,wood,,m³/ha,100.00,NA,,Table 1,2,NA,NA,yield only roughly estimated by >100 m³/ha,
6320-Bijalwan2011,SK,observational,2004,2006,30.097035,78.450345,IND,cropland,agriculture(crops),independent,3,1,medium,pooled within one LUI,,agroforests,no/NA,no/NA,no/NA,no/NA,no/NA,no/NA,no/NA,no/NA,,woody plants,trees,primary producers,yes,2.23,,,table 2,40,100,m²,wheat,,kg/ha,1326.00,,,table 3,40,0.25,m²,might be that authors still have data to calculate se or sd for BD and Yield,
6320-Bijalwan2011,SK,observational,2004,2006,30.097035,78.450345,IND,cropland,agriculture(crops),independent,3,1,high,pooled within one LUI,,coventional agriculture,no/NA,no/NA,no/NA,no/NA,no/NA,no/NA,no/NA,no/NA,,woody plants,trees,primary producers,yes,NA,,,table 2,40,100,m²,wheat,,kg/ha,2471.00,,,table 3,40,0.25,m²,might be that authors still have data to calculate se or sd for BD and Yield,
6320-Bijalwan2011,SK,observational,2004,2006,30.097035,78.450345,IND,cropland,agriculture(crops),independent,3,2,medium,pooled within one LUI,,agroforests,no/NA,no/NA,no/NA,no/NA,no/NA,no/NA,no/NA,no/NA,,woody plants,trees,primary producers,yes,1.55,,,table 2,40,100,m²,wheat,,kg/ha,1200.00,,,table 3,40,0.25,m²,might be that authors still have data to calculate se or sd for BD and Yield,
6320-Bijalwan2011,SK,observational,2004,2006,30.097035,78.450345,IND,cropland,agriculture(crops),independent,3,2,high,pooled within one LUI,,coventional agriculture,no/NA,no/NA,no/NA,no/NA,no/NA,no/NA,no/NA,no/NA,,woody plants,trees,primary producers,yes,NA,,,table 2,40,100,m²,wheat,,kg/ha,1749.00,,,table 3,40,0.25,m²,might be that authors still have data to calculate se or sd for BD and Yield,
6528-Sasaki2011,HP,experimental,2009,2009,38.73,140.75,JPN,grassland/rangeland,grassland(hay),linked,3,1,low,pooled within one LUI,,no mowing and no renovations and no fertilizer,no/NA,no/NA,no/NA,no/NA,no/NA,no/NA,no/NA,no/NA,,non-woody plants,plants,primary producers,no,7.00,NA,,Figure 1 - SNP Control,8,1,m²,hay,,g/m²,354.67,51.33,18.15,Figure 1 - SNP Control,8,1,m²,no sd or se from figures for yield of species richness. Authors might still have the information,
6528-Sasaki2011,HP,experimental,2009,2009,38.73,140.75,JPN,grassland/rangeland,grassland(hay),linked,3,1,medium,pooled within one LUI,,intense mowing tom simulate high grazing and no renovations and no fertilizer,no/NA,no/NA,no/NA,no/NA,yes,no/NA,no/NA,no/NA,,non-woody plants,plants,primary producers,no,6.93,0.40,0.28,Figure 1 - SNP 5cm and Figure 1 - IP Control combined,8,1,m²,hay,,g/m²,553.00,72.33,25.57,Figure 1 - SNP 5cm,8,1,m²,no sd or se from figures for yield of species richness. Authors might still have the information,
6528-Sasaki2011,HP,experimental,2009,2009,38.73,140.75,JPN,grassland/rangeland,grassland(hay),linked,3,1,medium,increased LUI,,intense mowing tom simulate high grazing and no renovations and no fertilizer,no/NA,no/NA,no/NA,no/NA,yes,no/NA,no/NA,no/NA,,non-woody plants,plants,primary producers,no,7.22,NA,,Figure 1 - SNP 5cm,8,1,m²,hay,,g/m²,553.00,72.33,25.57,Figure 1 - SNP 5cm,8,1,m²,no sd or se from figures for yield of species richness. Authors might still have the information,
6528-Sasaki2011,HP,experimental,2009,2009,38.73,140.75,JPN,grassland/rangeland,grassland(hay),linked,3,1,medium,baseline LUI,,"no mowing, renovated and fertilizer",yes,no/NA,no/NA,no/NA,no/NA,no/NA,no/NA,no/NA,,non-woody plants,plants,primary producers,no,6.65,NA,,Figure 1 - IP Control,8,1,m²,hay,,g/m²,285.25,71.75,25.37,Figure 1 - IP Control,8,1,m²,no sd or se from figures for yield of species richness. Authors might still have the information,
6528-Sasaki2011,HP,experimental,2009,2009,38.73,140.75,JPN,grassland/rangeland,grassland(hay),linked,3,1,high,pooled within one LUI,," intense mowing to simulate high grazing, renovated and fertilizer",yes,no/NA,no/NA,no/NA,yes,no/NA,no/NA,no/NA,,non-woody plants,plants,primary producers,no,6.63,NA,,Figure 1 - IP 5cm,8,1,m²,hay,,g/m²,591.50,NA,,Figure 1 - IP 5cm,8,1,m²,no sd or se from figures for yield of species richness. Authors might still have the information,
6684-Vintu2011,SC,experimental,2009,2010,47.369793,25.179199,ROU,grassland/rangeland,grassland(hay),linked,9,1,low,pooled within one LUI,,unfertilized grasslands,no/NA,no/NA,no/NA,no/NA,no/NA,no/NA,no/NA,no/NA,,non-woody plants,,primary producers,,18.00,,,Tab. 3,4,20,m²,fodder,,Mg/ha,2.30,,,Tab. 1,4,20,m²,"The study has 9 treatments. I used the control and the most intensive treatment. The most intesive treatment is marked in the paper as V5 and it is the treatment with the highest quantaty of manure applied yearly. The biodiversity data in this study is a bit weird: they report total number of species and number of forb species but in some treatments, the number of forb species is higher than the total number of species, which does not make sense. ","SK: sd for yield and BD are not provided, contact the author?, lowest intensity is no treatment, but lowest LUI could be newly coded"
6684-Vintu2011,SC,experimental,2009,2010,47.369793,25.179199,ROU,grassland/rangeland,grassland(hay),linked,9,1,medium,pooled within one LUI,,There is only indication of fertilization with manure,yes,no/NA,no/NA,no/NA,no/NA,no/NA,no/NA,no/NA,,non-woody plants,,primary producers,,27.25,2.25,0.80,Tab. 3,8,20,m²,fodder,,Mg/ha,4.25,1.12,0.40,Tab. 1,8,20,m²,,
6684-Vintu2011,SK,experimental,2009,2010,47.369793,25.179199,ROU,grassland/rangeland,grassland(hay),linked,9,1,medium,baseline LUI,,There is only indication of fertilization with manure,yes,no/NA,no/NA,no/NA,no/NA,no/NA,no/NA,no/NA,,non-woody plants,,primary producers,,31.00,,,Tab. 3,4,20,m²,fodder,,Mg/ha,2.92,,,Tab. 1,8,20,m²,,
6684-Vintu2011,SK,experimental,2009,2010,47.369793,25.179199,ROU,grassland/rangeland,grassland(hay),linked,9,1,medium,increased LUI,,There is only indication of fertilization with manure,yes,no/NA,no/NA,no/NA,no/NA,no/NA,no/NA,no/NA,,non-woody plants,,primary producers,,26.00,,,Tab. 3,4,20,m²,fodder,,Mg/ha,6.32,,,Tab. 1,8,20,m²,,
7036-Chitale2012,KG,observational,2010,2010,28.25,81.35,IND,forest,forest(wood),linked,2,1,no LU,no LU,,natural forest ecosystems (sal forest),no/NA,no/NA,no/NA,no/NA,no/NA,no/NA,no/NA,no/NA,"authors do not mention the logging technique for the plantation (whether clearcut, selective or partial). I just assume selective",woody plants,vascular plants,primary producers,no,11.51,7.88,1.52,Fig. 5 means and SD calculated from raw data,27,400,m²,wood,,g/m²/year,0.00,0.00,0.00,Fig. 5 calculated from raw data,40,400,m²,"yield provided as NPP which was estimated by remote sensing, I estimated yield as the difference between NPP of the plantation vs NPP of the natural forest",
7036-Chitale2012,KG,observational,2010,2010,28.25,81.35,IND,forest,forest(wood),linked,2,1,high,pooled within one LUI,,teak plantation,no/NA,no/NA,no/NA,no/NA,no/NA,no/NA,yes,no/NA,"authors do not mention the logging technique for the plantation (whether clearcut, selective or partial). I just assume selective",woody plants,vascular plants,primary producers,no,10.29,5.13,1.24,Fig. 5 means and SD calculated from raw data,17,400,m²,wood,,g/m²/year,114.93,159.75,38.74,Fig. 5 calculated from raw data,17,400,m²,"yield provided as NPP which was estimated by remote sensing, I estimated yield as the difference between NPP of the plantation vs NPP of the natural forest",
7161-Elliott2012,SK,experimental,2005,2007,35.116667,-84.583333,USA,forest,forest(wood),linked,4,1,no LU,no LU,,reference site,no/NA,no/NA,no/NA,no/NA,no/NA,no/NA,no/NA,no/NA,,woody plants,herbaceous layer,primary producers,yes,12.98,0.86,0.31,figure 5 - 2007 richness REF,8,4,m²,wood,,mg/ha,74.98,42.19,14.92,table 4 summed above ground biomass for hardwoods and pines in reference treatment,8,5.5,ha,,
7161-Elliott2012,WV,experimental,2005,2007,35.116667,-84.583333,USA,forest,forest(wood),linked,4,1,medium,pooled within one LUI,,burned the site after beele outbreak but no managment of regeneratiojn afterwards,no/NA,no/NA,no/NA,no/NA,no/NA,yes,no/NA,no/NA,"selective burning of dead trees, sowing of grasses to promote tree growth",woody plants,herbaceous layer,primary producers,yes,13.57,4.22,1.49,figure 5 - 2007 richness BURN,8,4,m²,wood,,mg/ha,46.73,53.70,18.99,table 4 summed above ground biomass for hardwoods and pines in burn treatment,8,5.5,ha,,
7161-Elliott2012,WV,experimental,2005,2007,35.116667,-84.583333,USA,forest,forest(wood),linked,4,1,high,pooled within one LUI,,"active burning of sites followed by selective cutting to promote regenaration, sowing of grasses to promote growth",no/NA,no/NA,no/NA,no/NA,no/NA,yes,yes,no/NA,"selective burning of dead trees, sowing of grasses to promote tree growth",woody plants,herbaceous layer,primary producers,yes,21.51,7.24,1.81,figure 5 - 2007 richness DC+B/MC+B,16,4,m²,wood,,mg/ha,18.98,17.39,4.35,table 4 summed above ground biomass for hardwoods and pines in MC+Burn treatment,16,5.5,ha,,
7169-Klein2012,WV,observational,2008,2008,38.816667,-122.1,USA,cropland,agriculture(crops),independent,2,1,medium,pooled within one LUI,,organic almond orchard,no/NA,no/NA,no/NA,no/NA,no/NA,no/NA,no/NA,no/NA,,arthropods,multiple pollinators,primary consumers,yes,5.90,5.81,1.50,text page 727,15,NA,orchard,almond,,% fruit set,38.13,10.92,2.82,Supplementary matrial S2,15,NA,orchard,,
7169-Klein2012,WV,observational,2008,2008,38.816667,-122.1,USA,cropland,agriculture(crops),independent,2,1,high,pooled within one LUI,,conventional almond orchard,no/NA,no/NA,no/NA,no/NA,no/NA,no/NA,no/NA,no/NA,,arthropods,multiple pollinators,primary consumers,yes,5.70,2.83,1.00,text page 727,8,NA,orchard,almond,,% fruit set,43.33,17.55,6.20,Supplementary matrial S2,8,NA,orchard,,
7192-Efthimiadou2012,WV,experimental,2005,2006,38.273806,23.781111,GRC,cropland,agriculture(crops),independent,11,1,medium,pooled within one LUI,,"no fertilization, maize manually sown and automatically irrigated",no/NA,yes,no/NA,no/NA,no/NA,no/NA,no/NA,no/NA,,non-woody plants,weeds,primary producers,yes,NA,,,,8,,m²,maize,,t/ha,20.39,NA,NA,"table 7 yield, 2006, C",8,24,m²,no species richness reported na yield sd reported; plot size is very unclear. authors do not seem to have species richness data,
7192-Efthimiadou2012,WV,experimental,2005,2006,38.273806,23.781111,GRC,cropland,agriculture(crops),independent,11,1,high,pooled within one LUI,,"cropland, with fertilizer application, manual sowing, no additional treatments",yes,yes,no/NA,no/NA,no/NA,no/NA,no/NA,no/NA,,non-woody plants,weeds,primary producers,yes,NA,,,,80,,m²,maize,,t/ha,34.46,5.93,0.66,"table 7 yield, 2006, all except C",80,24,m²,,
7192-Efthimiadou2012,WV,experimental,2005,2006,38.273806,23.781111,GRC,cropland,agriculture(crops),independent,11,1,high,baseline LUI,,cropland with lowest amount of barley bulch fertilizer,no/NA,yes,no/NA,no/NA,no/NA,no/NA,no/NA,no/NA,,non-woody plants,weeds,primary producers,yes,NA,,,,8,,m²,maize,,t/ha,29.40,NA,NA,"table 7 yield, 2006, B x/2",8,24,m²,no species richness reported; plot size is very unclear. authors do not seem to have species richness data,"SK: contact the author, they should have the yield and sd per plot and also the weed species richness per plot since they report Shannon and Simpson Diversity"
7192-Efthimiadou2012,WV,experimental,2005,2006,38.273806,23.781111,GRC,cropland,agriculture(crops),independent,11,1,high,increased LUI,,cropland with optimal amount of chemical fertilizer,yes,yes,no/NA,no/NA,no/NA,no/NA,no/NA,no/NA,,non-woody plants,weeds,primary producers,yes,NA,,,,8,,m²,maize,,t/ha,30.75,NA,NA,"table 7 yield, 2006, F",8,24,m²,,"SK: contact the author, they should have the yield and sd per plot and also the weed species richness per plot since they report Shannon and Simpson Diversity"
7205-Souza2012,MB,observational,1999,2001,-29.416667,-50.383333,BRA,forest,forest(wood),linked,4,1,low,pooled within one LUI,,"pooled measurements for three LUI levels, no logging since 25, 65 or longer years",no/NA,no/NA,no/NA,no/NA,no/NA,no/NA,no/NA,no/NA,"i had to pool three low LUI levels, not ideal but they give BD for two of the low LUIs already only pooled (P1963)",woody plants,trees,primary producers,no,66.45,18.17,5.75,Text 1963,10,1,ha,wood,,m²/ha,1.80,0.50,0.16,Table 2,10,1,ha,,"SK: contact the author, now compares forest with a forest fragment...not completely comparable, but better data should be available"
7205-Souza2012,MB,observational,1999,2001,-29.416667,-50.383333,BRA,forest,forest(wood),linked,4,1,medium,pooled within one LUI,,"fragmented private forest, selectively logged, other disturbances as well",no/NA,no/NA,no/NA,no/NA,no/NA,no/NA,no/NA,no/NA,,woody plants,trees,primary producers,no,19.80,3.40,1.08,Text 1963,10,1,ha,wood,,m²/ha,1.30,0.50,0.16,Table 2,10,1,ha,,"SK: contact the author, now compares forest with a forest fragment...not completely comparable, but better data should be available"
7387-Otto2012,KG,observational,2009,2009,28.414444,16.405556,ESP,forest,forest(wood),independent,2,1,no LU,no LU,,oldgrowth forest,no/NA,no/NA,no/NA,no/NA,no/NA,no/NA,no/NA,no/NA,,woody plants,understorey vascular plants,primary producers,no,13.61,11.64,4.75,"fig4, assumed error bars = SE",6,400,m²,wood,,m²/ha,0.00,0.00,0.00,table 1 - assumed error in brackets = SD,6,400,m²,"unclear what do numbers in brackets or erro bars represent, SD or SE or 95% CI - I just assumed SD!",
7387-Otto2012,KG,observational,2009,2009,28.414444,16.405556,ESP,forest,forest(wood),independent,2,1,low,pooled within one LUI,,unmanaged stands of pine planted 60 yrs ago,no/NA,no/NA,no/NA,no/NA,no/NA,no/NA,no/NA,no/NA,,woody plants,understorey vascular plants,primary producers,no,5.82,5.11,2.09,"fig4 - pool stats for the two sites, assumed error bars = SE",6,400,m²,wood,,m²/ha,72.75,11.98,4.89,"table 1 - pool stats for the two sites, assumed error in brackets = SE",6,400,m²,"unclear what do numbers in brackets or erro bars represent, SD or SE or 95% CI - I just assumed SD!",
7387-Otto2012,KG,observational,2009,2009,28.414444,16.405556,ESP,forest,forest(wood),independent,2,1,medium,pooled within one LUI,,thinned stands of pine planted 60 yrs ago,no/NA,no/NA,no/NA,no/NA,no/NA,no/NA,yes,no/NA,,woody plants,understorey vascular plants,primary producers,no,13.79,3.66,1.50,"fig4 - pool stats for the two sites, assumed error bars = SE",6,400,m²,wood,,m²/ha,30.10,5.76,2.35,"table 1 - pool stats for the two sites, assumed error in brackets = SE",6,400,m²,"unclear what do numbers in brackets or erro bars represent, SD or SE or 95% CI - I just assumed SD!",
7392-Imai2011,MB,observational,2003,2008,5.333333,117.333333,MYS,forest,forest(wood),linked,3,1,no LU,no LU,,primary forest,no/NA,no/NA,no/NA,no/NA,no/NA,no/NA,no/NA,no/NA,,woody plants,trees,primary producers,no,82.50,9.30,4.65,Table 1,4,0.2,ha,timber,,m²/ha,0.00,0.00,0.00,"Table 1, basal are",4,0.2,ha,,
7392-Imai2012,SC,observational,2003,2008,5.333333,117.333333,MYS,forest,forest(wood),linked,3,1,low,pooled within one LUI,,Reduced impact logging,no/NA,no/NA,no/NA,no/NA,no/NA,no/NA,yes,no/NA,,woody plants,trees,primary producers,no,79.50,10.30,5.15,Table 1,4,0.2,ha,timber,,m²/ha,8.50,21.34,6.44,"Table 1, basal are Primary - RIL",4,0.2,ha,,
7392-Imai2012,SC,observational,2003,2008,5.333333,117.333333,MYS,forest,forest(wood),linked,3,1,medium,pooled within one LUI,,conventional logging,no/NA,no/NA,no/NA,no/NA,no/NA,no/NA,yes,yes,,woody plants,trees,primary producers,no,39.30,6.40,3.70,Table 1,3,0.2,ha,timber,,m²/ha,22.20,28.90,8.71,"Table 1, basal are Primary - CL",3,0.2,ha,,
7486-Politi2012,MB,experimental,2005,2006,-24.729703,-64.625913,ARG,forest,forest(wood),independent,2,1,no LU,no LU,,control treatment lowland (piedmont) forest,no/NA,no/NA,no/NA,no/NA,no/NA,no/NA,no/NA,no/NA,,birds,,secondary consumers (e.g. predators or parasites),no,59.00,,,Tab.1,80,1,transect,wood,,m²/ha,25.40,9.20,2.06,"Text page 3133, values given are SD hopefully",20,200,ha,"means and SDs were calculated from piedmont and cloud forests, therefore n=2. it was impossible to use the two forests types as separate cases as the authors only give the total sum of species and not the mean in Table 1. Yield information comes from Text",
7486-Politi2012,MB,experimental,2005,2006,-24.729703,-64.625913,ARG,forest,forest(wood),independent,2,2,medium,pooled within one LUI,,selective logging in lowland (piedmont) forest,no/NA,no/NA,no/NA,no/NA,no/NA,no/NA,yes,yes,,birds,,secondary consumers (e.g. predators or parasites),no,51.00,,,Tab.1,80,1,transect,wood,,m²/ha,15.60,11.00,2.46,"Text page 3133, values given are SD hopefully",20,200,ha,"means and SDs were calculated from piedmont and cloud forests, therefore n=2. it was impossible to use the two forests types as separate cases as the authors only give the total sum of species and not the mean in Table 1. Yield information comes from Text",
7486-Politi2012,MB,experimental,2005,2006,-24.729703,-64.625913,ARG,forest,forest(wood),independent,2,2,no LU,no LU,,control treatment of cloud forests,no/NA,no/NA,no/NA,no/NA,no/NA,no/NA,no/NA,no/NA,,birds,,secondary consumers (e.g. predators or parasites),no,43.00,,,Tab.1,40,1,transect,wood,,m²/ha,44.40,9.26,2.07,"Text page 3133, values given are SD hopefully",20,200,ha,"means and SDs were calculated from piedmont and cloud forests, therefore n=2. it was impossible to use the two forests types as separate cases as the authors only give the total sum of species and not the mean in Table 1. Yield information comes from Text",
7486-Politi2012,MB,experimental,2005,2006,-24.729703,-64.625913,ARG,forest,forest(wood),independent,2,1,medium,pooled within one LUI,,selected logging in cloud forests,no/NA,no/NA,no/NA,no/NA,no/NA,no/NA,yes,yes,,birds,,secondary consumers (e.g. predators or parasites),no,40.00,,,Tab.1,40,1,transect,wood,,m²/ha,35.94,2.94,0.66,"Text page 3133, values given are SD hopefully",20,200,ha,"means and SDs were calculated from piedmont and cloud forests, therefore n=2. it was impossible to use the two forests types as separate cases as the authors only give the total sum of species and not the mean in Table 1. Yield information comes from Text",
7524-Loydi2012,SC,experimental,2006,2009,-38.05,-61.966667,ARG,grassland/rangeland,grassland(hay),linked,2,1,no LU,no LU,,Natural grasslands with no mentioning of management interventions,no/NA,no/NA,no/NA,no/NA,no/NA,no/NA,no/NA,no/NA,,non-woody plants,,primary producers,no,23.65,1.55,0.40,Figure 1(A),15,1,m²,fodder,,g/m²,0.00,0.00,0.00,Figure 3,9,0.2,m²,"I have doubts that we can consider this a suply of a provisioning ecosystem service. We can consider this feed (like in feed for cows) but nobody uses the feral horses as cattle in this case, based on what the study says. ",
7524-Loydi2012,SC,experimental,2006,2009,-38.05,-61.966667,ARG,grassland/rangeland,grassland(hay),linked,2,1,low,pooled within one LUI,,Natural grasslands with no mentioning of management interventions,no/NA,no/NA,no/NA,yes,no/NA,no/NA,no/NA,no/NA,,non-woody plants,,primary producers,no,35.93,7.82,2.02,Figure 1(A),15,1,m²,fodder,,g/m²,449.44,87.32,29.11,Figure 3,9,0.2,m²,"I have doubts that we can consider this a suply of a provisioning ecosystem service. We can consider this feed (like in feed for cows) but nobody uses the feral horses as cattle in this case, based on what the study says. ",
7577-Mastrangelo2012,WV,observational,2010,2010,-22.750447,-63.69386,ARG,forest,grassland(hay),independent,5,1,no LU,no LU,,forest fragments not used for yield,no/NA,no/NA,no/NA,no/NA,no/NA,no/NA,no/NA,no/NA,,birds,birds,primary consumers,no,3.90,1.56,0.64,"table 2, FF",6,na,forest fragment,cattle yield,,kg/ha/year,0.00,0.00,0.00,text page 1046,6,1,forest fragment,,
7577-Mastrangelo2012,WV,observational,2010,2010,-22.750447,-63.69386,ARG,forest,grassland(hay),independent,5,1,no LU,no LU,,forest fragments not used for yield,no/NA,no/NA,no/NA,no/NA,no/NA,no/NA,no/NA,no/NA,,birds,birds,secondary consumers (e.g. predators or parasites),no,6.80,2.45,1.00,"table 2, FF",6,na,forest fragment,cattle yield,,kg/ha/year,0.00,0.00,0.00,text page 1046,6,1,forest fragment,,
7577-Mastrangelo2012,WV,observational,2010,2010,-22.750447,-63.69386,ARG,forest,grassland(hay),independent,5,1,low,pooled within one LUI,,free rangin catlle in closed and open forest,no/NA,no/NA,no/NA,no/NA,no/NA,no/NA,no/NA,no/NA,,birds,birds,primary consumers,no,3.25,1.99,0.51,"table 2,  VLIS + LIS combined",15,na,forest fragment,cattle yield,,kg/ha/year,13.07,8.21,2.12,text page 1046,6,1,forest fragment,,
7577-Mastrangelo2012,WV,observational,2010,2010,-22.750447,-63.69386,ARG,forest,grassland(hay),independent,5,1,low,pooled within one LUI,,free rangin catlle in closed and open forest,no/NA,no/NA,no/NA,no/NA,no/NA,no/NA,no/NA,no/NA,,birds,birds,secondary consumers (e.g. predators or parasites),no,5.84,2.29,0.59,"table 2,  VLIS + LIS combined",15,na,forest fragment,cattle yield,,kg/ha/year,13.07,8.21,2.12,text page 1046,6,1,forest fragment,,
7577-Mastrangelo2012,WV,observational,2010,2010,-22.750447,-63.69386,ARG,forest,grassland(hay),independent,5,1,medium,pooled within one LUI,,mixed native trees and non-native understory,no/NA,no/NA,no/NA,no/NA,no/NA,no/NA,no/NA,no/NA,,birds,birds,primary consumers,no,4.00,1.65,0.74,"table 2,  IISS",5,na,ranch,cattle yield,,kg/ha/year,105.00,16.70,7.47,text page 1046,5,1,ranch,,
7577-Mastrangelo2012,WV,observational,2010,2010,-22.750447,-63.69386,ARG,forest,grassland(hay),independent,5,1,medium,pooled within one LUI,,mixed native trees and non-native understory,no/NA,no/NA,no/NA,no/NA,no/NA,no/NA,no/NA,no/NA,,birds,birds,secondary consumers (e.g. predators or parasites),no,5.80,2.61,1.17,"table 2,  IISS",5,na,ranch,cattle yield,,kg/ha/year,105.00,16.70,7.47,text page 1046,5,1,ranch,,
7577-Mastrangelo2012,WV,observational,2010,2010,-22.750447,-63.69386,ARG,forest,grassland(hay),independent,5,1,high,pooled within one LUI,,"open pastures, clear, non-native grasses",no/NA,no/NA,no/NA,no/NA,no/NA,no/NA,no/NA,no/NA,,birds,birds,primary consumers,no,3.00,1.70,0.64,"table 2,  HIPS",7,na,ranch,cattle yield,,kg/ha/year,130.00,32.60,12.32,text page 1046,7,1,ranch,,
7577-Mastrangelo2012,WV,observational,2010,2010,-22.750447,-63.69386,ARG,forest,grassland(hay),independent,5,1,high,pooled within one LUI,,"open pastures, clear, non-native grasses",no/NA,no/NA,no/NA,no/NA,no/NA,no/NA,no/NA,no/NA,,birds,birds,secondary consumers (e.g. predators or parasites),no,2.50,1.56,0.59,"table 2,  HIPS",7,na,ranch,cattle yield,,kg/ha/year,130.00,32.60,12.32,text page 1046,7,1,ranch,,
7577-Mastrangelo2012,WV,observational,2010,2010,-22.750447,-63.69386,ARG,forest,grassland(hay),independent,5,1,low,baseline LUI,,free rangin catlle in closed and open forest,no/NA,no/NA,no/NA,no/NA,no/NA,no/NA,no/NA,no/NA,,birds,birds,primary consumers,no,3.30,2.06,0.73,"table 2,  VLIS",8,na,forest fragment,cattle yield,,kg/ha/year,7.00,2.70,0.95,text page 1046,6,,forest fragment,,
7577-Mastrangelo2012,WV,observational,2010,2010,-22.750447,-63.69386,ARG,forest,grassland(hay),independent,5,1,low,increased LUI,,free rangin catlle in closed and open forest,no/NA,no/NA,no/NA,no/NA,no/NA,no/NA,no/NA,no/NA,,birds,birds,primary consumers,no,3.20,2.06,0.73,"table 2,  LIS",8,na,forest fragment,cattle yield,,kg/ha/year,20.00,6.60,2.33,text page 1046,6,,forest fragment,,
7577-Mastrangelo2012,WV,observational,2010,2010,-22.750447,-63.69386,ARG,forest,grassland(hay),independent,5,1,low,baseline LUI,,free rangin catlle in closed and open forest,no/NA,no/NA,no/NA,no/NA,no/NA,no/NA,no/NA,no/NA,,birds,birds,secondary consumers (e.g. predators or parasites),no,5.70,2.41,0.91,"table 2,  VLIS",7,na,forest fragment,cattle yield,,kg/ha/year,7.00,2.70,0.95,text page 1046,6,,forest fragment,,
7577-Mastrangelo2012,WV,observational,2010,2010,-22.750447,-63.69386,ARG,forest,grassland(hay),independent,5,1,low,increased LUI,,free rangin catlle in closed and open forest,no/NA,no/NA,no/NA,no/NA,no/NA,no/NA,no/NA,no/NA,,birds,birds,secondary consumers (e.g. predators or parasites),no,6.00,2.33,0.60,"table 2,  LIS",7,na,forest fragment,cattle yield,,kg/ha/year,20.00,6.60,2.33,text page 1046,6,,forest fragment,,
7684-Nakagawa2013,WV,observational,2003,2011,4.166667,114.066667,MYS,forest,forest(wood),linked,5,1,no LU,no LU,,"old growth natural forest, only used for biodiversity observations",no/NA,no/NA,no/NA,no/NA,no/NA,no/NA,no/NA,no/NA,,woody plants,trees,primary producers,no,38.10,8.10,2.70,table 1 - species number primary forest,9,1000,m²,wood,,m²/ha,0.00,0.00,0.00,table 1,9,1000,m²,study does not report yield but reports stem density and basal area for different type sof forest. we concluded in discussion not to use these as yield measures. drop study?,
7684-Nakagawa2013,SK,observational,2003,2011,4.166667,114.066667,MYS,forest,forest(wood),linked,5,1,medium,pooled within one LUI,,young and old fallows after swidden culture,no/NA,no/NA,no/NA,no/NA,no/NA,yes,no/NA,no/NA,,woody plants,trees,primary producers,no,21.72,11.95,2.49,table 1 - species number rubber plantation,23,1000,m²,wood,,m²/ha,21.40,14.22,3.35,table 1,18,1000,m²,,
7684-Nakagawa2013,WV,observational,2003,2011,4.166667,114.066667,MYS,forest,forest(wood),linked,5,1,high,pooled within one LUI,,rubber plantations planted on previous used agricultural lands,no/NA,no/NA,no/NA,no/NA,no/NA,yes,no/NA,no/NA,,woody plants,trees,primary producers,no,23.80,9.60,4.29,table 1 - species number rubber plantation,5,1000,m²,wood,,m²/ha,14.70,13.21,5.91,table 1,5,1000,m²,,
7715-Mueller2012,KG,observational,2006,2009,51.833333,12.25,DEU,grassland/rangeland,grassland(hay),linked,2,1,low,pooled within one LUI,,grassland with <=1 cut/year,yes,no/NA,no/NA,yes,yes,no/NA,no/NA,no/NA,"LUI levels are chosen arbitrarily, fertilization and grazing has been additionally applied but cannot directly be related to mowing regimes",non-woody plants,epiphytes,primary producers,no,5.28,3.36,0.43,rawdata send by the study author,60,16,m²,fodder,,g/m²,317.00,138.11,17.83,rawdata send by the study author,60,2500,m²,study author send the data on request after 10 min!! ,
7715-Mueller2012,KG,observational,2006,2009,51.833333,12.25,DEU,grassland/rangeland,grassland(hay),linked,2,1,medium,pooled within one LUI,,grassland with >1 cut/year,yes,no/NA,no/NA,yes,yes,no/NA,no/NA,no/NA,"LUI levels are chosen arbitrarily, fertilization and grazing has been additionally applied but cannot directly be related to mowing regimes",non-woody plants,epiphytes,primary producers,no,2.92,1.93,0.39,rawdata send by the study author,25,16,m²,fodder,,g/m²,319.59,117.67,23.53,rawdata send by the study author,25,2500,m²,study author send the data on request after 10 min!! ,
7833-Batary2013,SC,observational,2008,2008,51.424986,10.21157,DEU,cropland,agriculture(crops),independent,2,1,medium,pooled within one LUI,,"Although this is a monoculture, it is managed without pesticides and synthetic fertilizers. It is fertilised though at a level of 44±22 kg N/ha. ",yes,no/NA,no/NA,no/NA,no/NA,no/NA,no/NA,no/NA,,non-woody plants,Insect-pollinated forbs,primary producers,yes,8.67,2.30,0.81,Figure 1,8,5,m²,wheat,,dT/ha,44.00,15.00,5.00,"pag 3, paragraph under Table 1",9,NA,NA,Aggregated abundance data in the supporting information. The study looks both at interior and edge of the fields. I used the interior data as we are not considering edge effects in our meta-anlysis. ,
7833-Batary2013,SC,observational,2008,2008,51.424986,10.21157,DEU,cropland,agriculture(crops),independent,2,1,high,pooled within one LUI,,"Monoculture, fertlized at a level of 209±22 kg N/ha. Irigation and use of pesticides is not mentioned. It is stressed however that the baseline system (the organic agriculture here) is not treated with synthetic pesticides and fertilizers which might be an indication that the conventional agriculture usually uses these treatments. ",yes,no/NA,no/NA,no/NA,no/NA,no/NA,no/NA,no/NA,,non-woody plants,Insect-pollinated forbs,primary producers,yes,0.88,0.77,0.27,Figure 1,8,5,m²,wheat,,dT/ha,80.00,21.00,7.00,"pag 3, paragraph under Table 2",9,NA,NA,Aggregated abundance data in the supporting information. The study looks both at interior and edge of the fields. I used the interior data as we are not considering edge effects in our meta-anlysis. ,
7833-Batary2013,SK,observational,2008,2008,51.424986,10.21157,DEU,cropland,grassland(hay),independent,2,2,medium,pooled within one LUI,,organic meadow,yes,no/NA,no/NA,no/NA,no/NA,no/NA,no/NA,no/NA,,non-woody plants,Insect-pollinated forbs,primary producers,yes,9.07,2.55,0.90,Figure 1,8,5,m²,hay,,mowing frequency,1.70,0.90,0.30,"pag 3, paragraph under Table 1",9,NA,NA,Aggregated abundance data in the supporting information. The study looks both at interior and edge of the fields. I used the interior data as we are not considering edge effects in our meta-anlysis. ,
7833-Batary2013,SK,observational,2008,2008,51.424986,10.21157,DEU,cropland,grassland(hay),independent,2,2,high,pooled within one LUI,,Conventional meadow,yes,no/NA,no/NA,no/NA,no/NA,no/NA,no/NA,no/NA,,non-woody plants,Insect-pollinated forbs,primary producers,yes,3.97,2.58,0.91,Figure 1,8,5,m²,hay,,mowing frequency,2.80,0.90,0.30,"pag 3, paragraph under Table 2",9,NA,NA,Aggregated abundance data in the supporting information. The study looks both at interior and edge of the fields. I used the interior data as we are not considering edge effects in our meta-anlysis. ,
7870-Nascimbene2013,SK,observational,1957,2012,46.3,12.3,ITA,forest,forest(wood),linked,2,1,no LU,no LU,,ceased logging in 1957,no/NA,no/NA,no/NA,no/NA,no/NA,no/NA,no/NA,no/NA,has been heavily exploited until 1957,lichens,epiphytic lichenes,primary producers,no,12.00,3.50,1.11,Result section part 3.1,10,490.87,m²,wood,,m³/ha,0.00,0.00,0.00,study area part 2.1,1,NA,NA,,
7870-Nascimbene2013,SK,observational,1957,2012,46.233333,12.233333,ITA,forest,forest(wood),linked,2,1,low,pooled within one LUI,,low intensity selective logging since 1957,no/NA,no/NA,no/NA,no/NA,no/NA,no/NA,no/NA,yes,has been heavily exploited until 1957,lichens,epiphytic lichenes,primary producers,no,18.50,5.00,1.58,Result section part 3.1,10,490.87,m²,wood,,m³/ha,1.72,,,study area part 2.1,1,NA,NA,,
7870-Nascimbene2013,SK,observational,1957,2012,46.3,12.3,ITA,forest,forest(wood),linked,2,2,no LU,no LU,,ceased logging in 1957,no/NA,no/NA,no/NA,no/NA,no/NA,no/NA,no/NA,no/NA,has been heavily exploited until 1957,lichens,deadwood lichenes,primary producers,no,5.60,1.80,0.57,Result section part 3.1,10,490.87,m²,wood,,m³/ha,0.00,,,study area part 2.1,1,NA,NA,,
7870-Nascimbene2013,SK,observational,1957,2012,46.233333,12.233333,ITA,forest,forest(wood),linked,2,2,low,pooled within one LUI,,low intensity selective logging since 1957,no/NA,no/NA,no/NA,no/NA,no/NA,no/NA,no/NA,yes,has been heavily exploited until 1957,lichens,deadwood lichenes,primary producers,no,3.40,0.90,0.28,Result section part 3.1,10,490.87,m²,wood,,m³/ha,1.72,,,study area part 2.1,1,NA,NA,,
7875-Mudrak2013,group,experimental,1997,1999,48.9,17.416667,CZE,grassland/rangeland,grassland(hay),linked,6,1,low,pooled within one LUI,,"species-rich grassland, only management through mowing. no additional management input. no fertilization in past decades",no/NA,no/NA,no/NA,no/NA,yes,no/NA,no/NA,no/NA,,non-woody plants,,primary producers,no,40.00,5.20,1.00,table 2 - control,27,1,m²,hay,,g/m²,85.00,109.12,21.00,table 2 - control,27,1,m²,"what is the low and hightLU treatment? aren't there several? (old comment:this was awfull:-(. but good to know they add ova to the last name of females (e.g., beckmannova))",
7875-Mudrak2013,group,experimental,1997,1999,48.9,17.416667,CZE,grassland/rangeland,grassland(hay),linked,6,1,medium,pooled within one LUI,,"species-rich grassland, only management through mowing. no additional management input. no fertilization in past decades",no/NA,no/NA,no/NA,no/NA,yes,no/NA,no/NA,no/NA,,non-woody plants,,primary producers,no,40.00,10.39,2.00,table 2 - 2mowing/year,27,1,m²,hay,,g/m²,288.00,72.75,14.00,table 2 - 2mowing/year,27,1,m²,,
7887-Sircely2013,group,observational,2008,2009,0.1,34.516667,KEN,grassland/rangeland,grassland(hay),independent,2,1,low,pooled within one LUI,,fallow without grazing. management is focused towards increasing number of woody stems for soil fertility. no additional energy input,no/NA,no/NA,no/NA,no/NA,no/NA,no/NA,no/NA,no/NA,no,woody plants,,primary producers,no,2.67,1.88,0.41,table 2 - T+S SR improved,21,0.02-0.25,ha,forage,,t/ha,3.49,2.13,0.46,table 2 - Tot For Biom improved,21,0.02-0.25,ha,R2 is negative! Study compares two different treatments. We decided that improved (increased number of trees) is lower than fallow with grazing and no improvement.,
7887-Sircely2013,group,observational,2008,2009,0.1,34.516667,KEN,grassland/rangeland,grassland(hay),independent,2,1,medium,pooled within one LUI,,fallow with moderate grazing intensity(60%). no management of number of woody stems.no additional energy input,no/NA,no/NA,no/NA,yes,no/NA,no/NA,no/NA,no/NA,no,woody plants,,primary producers,no,2.36,1.50,0.40,table 2 - T+S SR grazed,14,0.02-0.25,ha,forage,,t/ha,5.34,2.38,0.56,table 2 - Tot For Biom grazed,18,0.02-0.25,ha,,
7965-Gabriel2013,MB,observational,2007,2008,52.974749,-1.110188,GBR,cropland,agriculture(crops),independent,2,1,medium,pooled within one LUI,,"organic farmland in england, some application of fertilizer but no synthetic. No pesticide use.",yes,no/NA,no/NA,no/NA,no/NA,no/NA,no/NA,no/NA,,non-woody plants,,primary producers,yes,9.90,6.92,0.34,Table 1,414,1,m²,"various (winter wheat, oats, barley)",,t/ha,4.30,1.99,0.24,Table 1,69,7.2 (0.52),ha,,
7965-Gabriel2013,MB,observational,2007,2008,52.974749,-1.110188,GBR,cropland,agriculture(crops),independent,2,1,high,pooled within one LUI,,"conventional farmland, with high amounts of fertilizer and pesticide application",yes,no/NA,yes,no/NA,no/NA,no/NA,no/NA,no/NA,,non-woody plants,,primary producers,yes,2.50,2.88,0.12,Table 1,576,1,m²,"various (winter wheat, oats, barley)",,t/ha,9.30,2.45,0.25,Table 1,96,9.2 (0.58),ha,,
7965-Gabriel2013,MB,observational,2007,2008,52.974749,-1.110188,GBR,cropland,agriculture(crops),independent,2,2,medium,pooled within one LUI,,"organic farmland in england, some application of fertilizer but no synthetic. No pesticide use.",yes,no/NA,no/NA,no/NA,no/NA,no/NA,no/NA,no/NA,,non-arthropod invertebrates,earthworms,detrivores,yes,1.60,1.41,0.15,Table 1,88,0.6,m²,"various (winter wheat, oats, barley)",,t/ha,4.30,1.99,0.24,Table 1,69,7.2 (0.52),ha,,
7965-Gabriel2013,MB,observational,2007,2008,52.974749,-1.110188,GBR,cropland,agriculture(crops),independent,2,2,high,pooled within one LUI,,"conventional farmland, with high amounts of fertilizer and pesticide application",yes,no/NA,yes,no/NA,no/NA,no/NA,no/NA,no/NA,,non-arthropod invertebrates,earthworms,detrivores,yes,1.10,1.20,0.11,Table 1,120,0.6,m²,"various (winter wheat, oats, barley)",,t/ha,9.30,2.45,0.25,Table 1,96,9.2 (0.58),ha,,
7965-Gabriel2013,MB,observational,2007,2008,52.974749,-1.110188,GBR,cropland,agriculture(crops),independent,2,3,medium,pooled within one LUI,,"organic farmland in england, some application of fertilizer but no synthetic. No pesticide use.",yes,no/NA,no/NA,no/NA,no/NA,no/NA,no/NA,no/NA,,arthropods,bumblebees,primary consumers,yes,1.90,1.49,0.09,Table 1,275,NA,traps,"various (winter wheat, oats, barley)",,t/ha,4.30,1.99,0.24,Table 1,69,7.2 (0.52),ha,,
7965-Gabriel2013,MB,observational,2007,2008,52.974749,-1.110188,GBR,cropland,agriculture(crops),independent,2,3,high,pooled within one LUI,,"conventional farmland, with high amounts of fertilizer and pesticide application",yes,no/NA,yes,no/NA,no/NA,no/NA,no/NA,no/NA,,arthropods,bumblebees,primary consumers,yes,1.50,1.57,0.08,Table 1,384,NA,traps,"various (winter wheat, oats, barley)",,t/ha,9.30,2.45,0.25,Table 1,96,9.2 (0.58),ha,,
7965-Gabriel2013,MB,observational,2007,2008,52.974749,-1.110188,GBR,cropland,agriculture(crops),independent,2,4,medium,pooled within one LUI,,"organic farmland in england, some application of fertilizer but no synthetic. No pesticide use.",yes,no/NA,no/NA,no/NA,no/NA,no/NA,no/NA,no/NA,,arthropods,solitary bees,primary consumers,yes,1.40,1.66,0.10,Table 1,275,NA,traps,"various (winter wheat, oats, barley)",,t/ha,4.30,1.99,0.24,Table 1,69,7.2 (0.52),ha,,
7965-Gabriel2013,MB,observational,2007,2008,52.974749,-1.110188,GBR,cropland,agriculture(crops),independent,2,4,high,pooled within one LUI,,"conventional farmland, with high amounts of fertilizer and pesticide application",yes,no/NA,yes,no/NA,no/NA,no/NA,no/NA,no/NA,,arthropods,solitary bees,primary consumers,yes,1.20,1.57,0.08,Table 1,384,NA,traps,"various (winter wheat, oats, barley)",,t/ha,9.30,2.45,0.25,Table 1,96,9.2 (0.58),ha,,
7965-Gabriel2013,MB,observational,2007,2008,52.974749,-1.110188,GBR,cropland,agriculture(crops),independent,2,5,medium,pooled within one LUI,,"organic farmland in england, some application of fertilizer but no synthetic. No pesticide use.",yes,no/NA,no/NA,no/NA,no/NA,no/NA,no/NA,no/NA,,arthropods,butterflies,primary consumers,yes,1.40,1.65,0.12,Table 1,188,NA,transect,"various (winter wheat, oats, barley)",,t/ha,4.30,1.99,0.24,Table 1,69,7.2 (0.52),ha,,
7965-Gabriel2013,MB,observational,2007,2008,52.974749,-1.110188,GBR,cropland,agriculture(crops),independent,2,5,high,pooled within one LUI,,"conventional farmland, with high amounts of fertilizer and pesticide application",yes,no/NA,yes,no/NA,no/NA,no/NA,no/NA,no/NA,,arthropods,butterflies,primary consumers,yes,1.10,1.46,0.09,Table 1,262,NA,transect,"various (winter wheat, oats, barley)",,t/ha,9.30,2.45,0.25,Table 1,96,9.2 (0.58),ha,,
7965-Gabriel2013,MB,observational,2007,2008,52.974749,-1.110188,GBR,cropland,agriculture(crops),independent,2,6,medium,pooled within one LUI,,"organic farmland in england, some application of fertilizer but no synthetic. No pesticide use.",yes,no/NA,no/NA,no/NA,no/NA,no/NA,no/NA,no/NA,,arthropods,hoverflies,primary consumers,yes,1.90,1.82,0.11,Table 1,275,NA,traps,"various (winter wheat, oats, barley)",,t/ha,4.30,1.99,0.24,Table 1,69,7.2 (0.52),ha,,
7965-Gabriel2013,MB,observational,2007,2008,52.974749,-1.110188,GBR,cropland,agriculture(crops),independent,2,6,high,pooled within one LUI,,"conventional farmland, with high amounts of fertilizer and pesticide application",yes,no/NA,yes,no/NA,no/NA,no/NA,no/NA,no/NA,,arthropods,hoverflies,primary consumers,yes,2.00,2.16,0.11,Table 1,384,NA,traps,"various (winter wheat, oats, barley)",,t/ha,9.30,2.45,0.25,Table 1,96,9.2 (0.58),ha,,
7965-Gabriel2013,MB,observational,2007,2008,52.974749,-1.110188,GBR,cropland,agriculture(crops),independent,2,7,medium,pooled within one LUI,,"organic farmland in england, some application of fertilizer but no synthetic. No pesticide use.",yes,no/NA,no/NA,no/NA,no/NA,no/NA,no/NA,no/NA,,birds,farmland birds,secondary consumers (e.g. predators or parasites),yes,7.80,2.24,0.27,Table 1,69,NA,transect,"various (winter wheat, oats, barley)",,t/ha,4.30,1.99,0.24,Table 1,69,7.2 (0.52),ha,,
7965-Gabriel2013,MB,observational,2007,2008,52.974749,-1.110188,GBR,cropland,agriculture(crops),independent,2,7,high,pooled within one LUI,,"conventional farmland, with high amounts of fertilizer and pesticide application",yes,no/NA,yes,no/NA,no/NA,no/NA,no/NA,no/NA,,birds,farmland birds,secondary consumers (e.g. predators or parasites),yes,8.50,2.14,0.22,Table 1,95,NA,transect,"various (winter wheat, oats, barley)",,t/ha,9.30,2.45,0.25,Table 1,96,9.2 (0.58),ha,,
8118-Mariotte2013,SK,observational,2002,2011,45.932262,6.331537,CHE,grassland/rangeland,grassland(hay),linked,2,1,no LU,no LU,,abandonned formerly grazed plots,no/NA,no/NA,no/NA,no/NA,no/NA,no/NA,no/NA,no/NA,,non-woody plants,herbaceous plants,primary producers,no,20.44,7.81,2.60,Appendix Figure 2,9,1,m²,forage,,g/m²,0.00,0.00,0.00,Appendix Figure 2,9,1,m²,,
8118-Mariotte2013,SK,observational,2002,2011,45.932262,6.331537,CHE,grassland/rangeland,grassland(hay),linked,2,1,medium,pooled within one LUI,,extensively cattle grazing,no/NA,no/NA,no/NA,yes,no/NA,no/NA,no/NA,no/NA,,non-woody plants,herbaceous plants,primary producers,no,25.76,6.87,2.07,Figure 1,11,1,m²,forage,,g/m²,218.92,224.71,74.90,"Figure 2, difference with yield from plot 1-9 ungrazed",9,1,m²,,
8235-Norvez2013,group,experimental,1986,2008,47.333333,-71.166667,CAN,forest,forest(wood),independent,4,1,low,pooled within one LUI,,"natural forest system, after beetle outbreak, dead wood was left on plot. so no logging scheme implemented",no/NA,no/NA,no/NA,no/NA,no/NA,no/NA,no/NA,no/NA,,arthropods,,primary consumers,no,46.20,5.88,2.63,table 2- T0,5,NA,traps,wood,,m²/ha,17.68,11.99,5.36,table1- T0,5,300,m²,much nicer than the prev study,
8235-Norvez2013,group,experimental,1986,2008,47.333333,-71.166667,CAN,forest,forest(wood),independent,4,1,medium,pooled within one LUI,,"natural forest system, after beetle outbreak, plot was cleared through complete logging of dead wood",no/NA,no/NA,no/NA,no/NA,no/NA,no/NA,no/NA,yes,2 phases of partial logging,arthropods,,primary consumers,no,53.80,2.59,1.16,table 2 - T2,5,NA,traps,wood,,m²/ha,8.46,1.57,0.70,Table1 - T2,5,300,m²,,
8449-Gourlet-Fleury2013,KG,experimental,1982,2010,4.5,18.55,CAF,forest,forest(wood),linked,2,1,no LU,no LU,,undisturbed semi-deciduous forest,no/NA,no/NA,no/NA,no/NA,no/NA,no/NA,no/NA,no/NA,,woody plants,trees >= 10 cm dbh,primary producers,no,134.11,8.94,2.98,"Table 1, calculated from rawdata",9,1,ha,wood,,m³/ha,0.00,0.00,0.00,"Table 1, calculated from raw data",9,4,ha,this study makes me happy :)),
8449-Gourlet-Fleury2013,KG,experimental,1982,2010,4.5,18.55,CAF,forest,forest(wood),linked,2,1,low,pooled within one LUI,,selectively logged,no/NA,no/NA,no/NA,no/NA,no/NA,no/NA,yes,no/NA,,woody plants,trees >= 10 cm dbh,primary producers,no,126.00,8.67,2.50,"Table 1, calculated from rawdata",12,1,ha,wood,,m³/ha,81.14,39.91,11.52,"Table 1, calculated from raw data",12,4,ha,this study makes me happy :)),
8449-Gourlet-Fleury2013,KG,experimental,1982,2010,4.5,18.55,CAF,forest,forest(wood),linked,2,1,high,pooled within one LUI,,selectively logged and thinned semi-deciduous forest,no/NA,no/NA,no/NA,no/NA,no/NA,no/NA,yes,no/NA,,woody plants,trees >= 10 cm dbh,primary producers,no,133.29,3.86,1.46,"Table 1, calculated from rawdata",7,1,ha,wood,,m³/ha,122.57,33.70,12.74,"Table 1, calculated from raw data",7,4,ha,this study makes me happy :)),
8496-Klaus2013,WV,observational,2009,2009,50.983333,11.033333,DEU,grassland/rangeland,grassland(hay),linked,2,1,medium,baseline LUI,,"organic grassland, not chemical fertilized, large fields, multiple cuts per year and grazed",no/NA,no/NA,no/NA,yes,yes,no/NA,no/NA,no/NA,,non-woody plants,grasses,primary producers,yes,7.90,2.97,0.70,table 2 - organic number grass species,18,18,ha,hay,,g/m²,299.81,122.61,28.90,table 2 - organic yield,18,18 (4.6),ha,this study makes me happy :-),
8496-Klaus2013,WV,observational,2009,2009,50.983333,11.033333,DEU,grassland/rangeland,grassland(hay),linked,2,1,high,pooled within one LUI,,"conventional grassland, chemically fertilized, large fields, multiple cuts per year and grazed",yes,no/NA,no/NA,yes,yes,no/NA,no/NA,no/NA,,non-woody plants,grasses,primary producers,yes,8.20,2.19,0.40,table 2 - conventional number grass species,30,10.2,ha,hay,,g/m²,335.15,152.94,28.40,table 2 - conventional yield,29,10.2 (1.4),ha,,
8496-Klaus2013,WV,observational,2009,2009,50.983333,11.033333,DEU,grassland/rangeland,grassland(hay),linked,2,2,medium,pooled within one LUI,,"organic grassland, not chemical fertilized, large fields, multiple cuts per year and grazed",no/NA,no/NA,no/NA,yes,yes,no/NA,no/NA,no/NA,,non-woody plants,legumes,primary producers,yes,2.60,1.70,0.40,table 2 - organic number legume species,18,18,ha,hay,,g/m²,299.81,122.61,28.90,table 2 - organic yield,18,18 (4.6),ha,,
8496-Klaus2013,WV,observational,2009,2009,50.983333,11.033333,DEU,grassland/rangeland,grassland(hay),linked,2,2,high,pooled within one LUI,,"conventional grassland, chemically fertilized, large fields, multiple cuts per year and grazed",yes,no/NA,no/NA,yes,yes,no/NA,no/NA,no/NA,,non-woody plants,legumes,primary producers,yes,2.20,1.10,0.20,table 2 - conventional number legume species,30,10.2,ha,hay,,g/m²,335.15,152.94,28.40,table 2 - conventional yield,29,10.2 (1.4),ha,,
8496-Klaus2013,WV,observational,2009,2009,50.983333,11.033333,DEU,grassland/rangeland,grassland(hay),linked,2,3,medium,pooled within one LUI,,"organic grassland, not chemical fertilized, large fields, multiple cuts per year and grazed",no/NA,no/NA,no/NA,yes,yes,no/NA,no/NA,no/NA,,non-woody plants,herb,primary producers,yes,17.10,6.79,1.60,table 2 - organic number herb species,18,18,ha,hay,,g/m²,299.81,122.61,28.90,table 2 - organic yield,18,19 (4.6),ha,,
8496-Klaus2013,WV,observational,2009,2009,50.983333,11.033333,DEU,grassland/rangeland,grassland(hay),linked,2,3,high,pooled within one LUI,,"conventional grassland, chemically fertilized, large fields, multiple cuts per year and grazed",yes,no/NA,no/NA,yes,yes,no/NA,no/NA,no/NA,,non-woody plants,herb,primary producers,yes,13.90,4.93,0.90,table 2 - conventional number herb species,30,10.2,ha,hay,,g/m²,335.15,152.94,28.40,table 2 - conventional yield,29,10.2 (1.4),ha,,
8496-Klaus2013,WV,observational,2009,2009,50.983333,11.033333,DEU,grassland/rangeland,grassland(hay),independent,2,4,medium,pooled within one LUI,,"organic grassland, not chemical fertilized, large fields, multiple cuts per year and grazed",no/NA,no/NA,no/NA,yes,yes,no/NA,no/NA,no/NA,,arthropods,beetles,primary consumers,yes,11.00,4.24,1.00,table 2 -  organic species richness beetles,18,18,ha,hay,,g/m²,370.49,118.37,27.90,table 2 - organic yield,18,19 (4.6),ha,,
8496-Klaus2013,WV,observational,2009,2009,50.983333,11.033333,DEU,grassland/rangeland,grassland(hay),independent,2,4,high,pooled within one LUI,,"conventional grassland, chemically fertilized, large fields, multiple cuts per year and grazed",yes,no/NA,no/NA,yes,yes,no/NA,no/NA,no/NA,,arthropods,beetles,primary consumers,yes,7.00,5.48,1.00,table 2 -  conv species richness beetles,30,10.2,ha,hay,,g/m²,405.83,147.55,27.40,table 2 - conventional yield,29,10.2 (1.4),ha,,
8496-Klaus2013,WV,observational,2009,2009,50.983333,11.033333,DEU,grassland/rangeland,grassland(hay),independent,2,5,medium,pooled within one LUI,,"organic grassland, not chemical fertilized, large fields, multiple cuts per year and grazed",no/NA,no/NA,no/NA,yes,yes,no/NA,no/NA,no/NA,,arthropods,spiders,primary consumers,yes,2.00,0.00,0.00,table 2 -  organic species richness spiders,18,18,ha,hay,,g/m²,511.85,109.88,25.90,table 2 - organic yield,18,20 (4.6),ha,,
8496-Klaus2013,WV,observational,2009,2009,50.983333,11.033333,DEU,grassland/rangeland,grassland(hay),independent,2,5,high,pooled within one LUI,,"conventional grassland, chemically fertilized, large fields, multiple cuts per year and grazed",yes,no/NA,no/NA,yes,yes,no/NA,no/NA,no/NA,,arthropods,spiders,primary consumers,yes,2.00,0.00,0.00,table 2 -  conv species richness spiders,30,10.2,ha,hay,,g/m²,547.19,136.78,25.40,table 2 - conventional yield,29,10.2 (1.4),ha,,
8496-Klaus2013,WV,observational,2009,2009,50.983333,11.033333,DEU,grassland/rangeland,grassland(hay),independent,2,6,medium,pooled within one LUI,,"organic grassland, not chemical fertilized, large fields, multiple cuts per year and grazed",no/NA,no/NA,no/NA,yes,yes,no/NA,no/NA,no/NA,,arthropods,cicada,primary consumers,yes,7.00,4.24,1.00,table 2 -  organic species richness cicada,18,18,ha,hay,,g/m²,582.53,105.64,24.90,table 2 - organic yield,18,20 (4.6),ha,,
8496-Klaus2013,WV,observational,2009,2009,50.983333,11.033333,DEU,grassland/rangeland,grassland(hay),independent,2,6,high,pooled within one LUI,,"conventional grassland, chemically fertilized, large fields, multiple cuts per year and grazed",yes,no/NA,no/NA,yes,yes,no/NA,no/NA,no/NA,,arthropods,cicada,primary consumers,yes,7.00,5.48,1.00,table 2 -  conv species richness cicada,30,10.2,ha,hay,,g/m²,617.87,131.40,24.40,table 2 - conventional yield,29,10.2 (1.4),ha,,
8496-Klaus2013,WV,observational,2009,2009,50.983333,11.033333,DEU,grassland/rangeland,grassland(hay),independent,2,7,medium,pooled within one LUI,,"organic grassland, not chemical fertilized, large fields, multiple cuts per year and grazed",no/NA,no/NA,no/NA,yes,yes,no/NA,no/NA,no/NA,,arthropods,bugs,primary consumers,yes,6.00,4.24,1.00,table 2 -  organic species richness bugs,18,18,ha,hay,,g/m²,653.21,101.40,23.90,table 2 - organic yield,18,21 (4.6),ha,,
8496-Klaus2013,WV,observational,2009,2009,50.983333,11.033333,DEU,grassland/rangeland,grassland(hay),independent,2,7,high,pooled within one LUI,,"conventional grassland, chemically fertilized, large fields, multiple cuts per year and grazed",yes,no/NA,no/NA,yes,yes,no/NA,no/NA,no/NA,,arthropods,bugs,primary consumers,yes,5.00,0.00,0.00,table 2 -  conv species richness bugs,30,10.2,ha,hay,,g/m²,688.55,126.01,23.40,table 2 - conventional yield,29,10.2 (1.4),ha,,
8609-Rebollo2013,KG,experimental,1939,2011,40.816667,-104.766667,USA,grassland/rangeland,grassland(hay),independent,3,1,no LU,no LU,,ungrazed,no/NA,no/NA,no/NA,no/NA,no/NA,no/NA,no/NA,no/NA,,non-woody plants,grassland vegetation,primary producers,no,16.86,4.53,0.70,"fig 3a - SR averaged for 14 yrs, n per treat=14 yrs x 3 rep=42 ",42,3.5,m²,cattle yield,,kg/ha,0.00,0.00,0.00,text in materials and methods,3,0.25,m²,AUM/ha since ANPP only for the ungrazed treatment available,
8609-Rebollo2013,KG,experimental,1939,2011,40.816667,-104.766667,USA,grassland/rangeland,grassland(hay),independent,3,1,medium,pooled within one LUI,,grazed by small and large herbivores,no/NA,no/NA,no/NA,yes,no/NA,no/NA,no/NA,no/NA,,non-woody plants,grassland vegetation,primary producers,no,14.92,4.10,0.63,"fig 3a - SR averaged for 14 yrs, n per treat=14 yrs x 3 rep=42 ",42,3.5,m²,cattle yield,,kg/ha,54.17,NA,NA,text in materials and methods,3,0.25,m²,AUM/ha since ANPP only for the ungrazed treatment available,
8673-Duraes2013,KG,observational,2004,2007,0.366667,-79.75,ECU,forest,forest(wood),independent,3,1,no LU,no LU,,oldgrowth forest,no/NA,no/NA,no/NA,no/NA,no/NA,no/NA,no/NA,no/NA,,birds,understory birds,secondary consumers (e.g. predators or parasites),no,104.00,4.30,1.11,"Table 2 S_est, i.e. estimated richness given the sampling data",15,12 x 2.5,m²,none,,% canopy cover,0.00,0.00,0.00,"Table 1, oldgrowth forest with zero yield",44,1256,m²,"% Canopy Cover as yield measure, treatment = naturally regenerating forest after selective logging or clear-cut (19-30 yrs ago)",
8673-Duraes2013,KG,observational,2004,2007,0.366667,-79.75,ECU,forest,forest(wood),independent,3,1,medium,pooled within one LUI,,regenerating selectively logged,no/NA,no/NA,no/NA,no/NA,no/NA,no/NA,yes,no/NA,,birds,understory birds,secondary consumers (e.g. predators or parasites),no,105.00,3.50,0.90,"Table 2 S_est, i.e. estimated richness given the sampling data",15,12 x 2.5,m²,none,,% canopy cover,8.30,5.13,1.28,"Table 1, difference canopy cover between oldgrowth and logged/clearcut forest",16,1256,m²,"% Canopy Cover as yield measure, treatment = naturally regenerating forest after selective logging or clear-cut (19-30 yrs ago)",
8673-Duraes2013,KG,observational,2004,2007,0.366667,-79.75,ECU,forest,forest(wood),independent,3,1,high,pooled within one LUI,,regenerating clear-cut,no/NA,no/NA,no/NA,no/NA,no/NA,yes,no/NA,no/NA,,birds,understory birds,secondary consumers (e.g. predators or parasites),no,134.00,5.70,1.47,"Table 2 S_est, i.e. estimated richness given the sampling data",15,12 x 2.5,m²,none,,% canopy cover,11.40,6.35,1.46,"Table 1, difference canopy cover between oldgrowth and logged/clearcut forest",19,1256,m²,"% Canopy Cover as yield measure, treatment = naturally regenerating forest after selective logging or clear-cut (19-30 yrs ago)",
8770-Tang2014,SK,experimental,1994,2010,33.227222,116.616111,CHN,cropland,agriculture(crops),independent,6,1,high,baseline LUI,,intinsevely use agricultural land pesticides but no fert.,no/NA,no/NA,yes,no/NA,no/NA,no/NA,no/NA,no/NA,,non-woody plants,herbaceous plants,primary producers,yes,,,,,3,20,m²,wheat,,kg/ha,812.98,127.85,73.81,Figure 7 - control,3,20,m²,,
8770-Tang2014,SK,experimental,1994,2010,31.227222,116.616111,CHN,cropland,agriculture(crops),independent,6,1,high,increased LUI,,intinsevely use agricultural land pest. and fert.,yes,no/NA,yes,no/NA,no/NA,no/NA,no/NA,no/NA,,non-woody plants,herbaceous plants,primary producers,yes,,,,,3,20,m²,wheat,,kg/ha,5894.33,277.01,159.93,Figure 7 - NPK,3,20,m²,,
8808-Wang2014,SK,experimental,2004,2012,41.778778,111.894917,CHN,grassland/rangeland,grassland(hay),linked,4,1,no LU,no LU,,"control, grassland with no grazing",no/NA,no/NA,no/NA,no/NA,no/NA,no/NA,no/NA,no/NA,,non-woody plants,herbaceous plants,primary producers,no,,,,,3,1,m²,forage,,kg/ha,0.00,0.00,0.00,table 3 peak standing crop community control,4,1,m²,,
8808-Wang2014,WV,experimental,2004,2012,41.778778,111.894917,CHN,grassland/rangeland,grassland(hay),linked,4,1,low,pooled within one LUI,,"LG, grassland with low grazing intensity",no/NA,no/NA,no/NA,yes,no/NA,no/NA,no/NA,no/NA,,non-woody plants,herbaceous plants,primary producers,no,NA,,,,3,1,m²,forage,,kg/ha,280.46,323.34,161.67,table 3 peak standing crop community control,4,1,m²,"this study only reports yield and no biodiversity measures. however, authors did collect species inidvidually, so SR data should be available upon request. abundance data available as % of total community. possible to break down yield measure to groups, depending on species richness data",
8808-Wang2014,WV,experimental,2004,2012,41.778778,111.894917,CHN,grassland/rangeland,grassland(hay),linked,4,1,medium,pooled within one LUI,,"HG, grassland with high grazing intensity",no/NA,no/NA,no/NA,yes,no/NA,no/NA,no/NA,no/NA,,non-woody plants,herbaceous plants,primary producers,no,NA,,,,3,1,m²,forage,,kg/ha,448.08,372.58,186.29,table 3 peak standing crop community HG,4,1,m²,,
8822-Hedwall2013,KG,experimental,1987,2011,64.111667,19.453333,SWE,forest,forest(wood),independent,4,1,no LU,no LU,,unthinned and unfertilized plots,no/NA,no/NA,no/NA,no/NA,no/NA,no/NA,no/NA,no/NA,,woody plants,understorey,primary producers,yes,9.80,0.93,0.47,fig 3,4,NA,transect,wood,,standing volume of wood m³/ha,507.92,NA,NA,Fig 2,4,50 x 50,m²,"yield = mean(standing volume of wood for 2010), no SE/SD available",
8822-Hedwall2013,KG,experimental,1987,2011,64.111667,19.453333,SWE,forest,forest(wood),independent,4,1,low,pooled within one LUI,,unthinned and fertilized plots,yes,no/NA,no/NA,no/NA,no/NA,no/NA,no/NA,no/NA,,woody plants,understorey,primary producers,yes,8.05,1.20,0.54,fig 3,5,NA,transect,wood,,standing volume of wood m³/ha,350.50,NA,NA,Fig 2,5,50 x 50,m²,"yield = mean(standing volume of wood for 2010), no SE/SD available",
8822-Hedwall2013,KG,experimental,1987,2011,64.111667,19.453333,SWE,forest,forest(wood),independent,4,1,medium,pooled within one LUI,,thinned (30% of basal area) and fertilized plots,yes,no/NA,no/NA,no/NA,no/NA,no/NA,yes,no/NA,,woody plants,understorey,primary producers,yes,10.32,0.48,0.24,fig 3,4,NA,transect,wood,,standing volume of wood m³/ha,250.99,NA,NA,Fig 2,4,50 x 50,m²,"yield = mean(standing volume of wood for 2010), no SE/SD available",
8822-Hedwall2013,KG,experimental,1987,2011,64.111667,19.453333,SWE,forest,forest(wood),independent,4,1,high,pooled within one LUI,,thinned (60% of basal area) and fertilized plots,yes,no/NA,no/NA,no/NA,no/NA,no/NA,yes,no/NA,,woody plants,understorey,primary producers,yes,13.32,1.08,0.54,fig 3,4,NA,transect,wood,,standing volume of wood m³/ha,209.41,NA,NA,Fig 2,4,50 x 50,m²,"yield = mean(standing volume of wood for 2010), no SE/SD available",
8568-Yan2013,SK,observational,2007,2007,32.390972,102.612532,CHN,forest,forest(wood),independent,2,1,medium,pooled within one LUI,,natural forest regeneration after clear cut,no/NA,no/NA,no/NA,no/NA,no/NA,yes,no/NA,no/NA,,woody plants,liverwort bryophytes,primary producers,yes,7.29,3.23,0.90,Figure 1,13,300,m²,wood,,stem / ha,1000.90,660.86,183.29,Table 1,13,300,m²,"yield = density of stems, could be corrected for tree height, but not shure about this",
8568-Yan2013,SK,observational,2007,2007,32.390972,102.612532,CHN,forest,forest(wood),independent,2,1,high,pooled within one LUI,,plantation of hardwood after clear cut,no/NA,no/NA,no/NA,no/NA,no/NA,yes,no/NA,no/NA,,non-woody plants,liverwort bryophytes,primary producers,yes,4.82,3.55,0.99,Figure 1,13,300,m²,wood,,stem / ha,2266.67,937.19,259.93,Table 1,13,300,m²,"yield = density of stems, could be corrected for tree height, but not shure about this",
8568-Yan2013,SK,observational,2007,2007,32.390972,102.612532,CHN,forest,forest(wood),independent,2,1,medium,pooled within one LUI,,natural forest regeneration after clear cut,no/NA,no/NA,no/NA,no/NA,no/NA,yes,no/NA,no/NA,,woody plants,acrocarpous moss,primary producers,yes,19.18,6.05,1.68,Figure 1,13,300,m²,wood,,stem / ha,1000.90,660.86,183.29,Table 1,13,300,m²,"yield = density of stems, could be corrected for tree height, but not shure about this",
8568-Yan2013,SK,observational,2007,2007,32.390972,102.612532,CHN,forest,forest(wood),independent,2,1,high,pooled within one LUI,,plantation of hardwood after clear cut,no/NA,no/NA,no/NA,no/NA,no/NA,yes,no/NA,no/NA,,non-woody plants,acrocarpous moss,primary producers,yes,15.27,5.25,1.46,Figure 1,13,300,m²,wood,,stem / ha,2266.67,937.19,259.93,Table 1,13,300,m²,"yield = density of stems, could be corrected for tree height, but not shure about this",
8568-Yan2013,SK,observational,2007,2007,32.390972,102.612532,CHN,forest,forest(wood),independent,2,1,medium,pooled within one LUI,,natural forest regeneration after clear cut,no/NA,no/NA,no/NA,no/NA,no/NA,yes,no/NA,no/NA,,woody plants,pleurocarpous moss,primary producers,yes,22.29,5.20,1.44,Figure 1,13,300,m²,wood,,stem / ha,1000.90,660.86,183.29,Table 1,13,300,m²,"yield = density of stems, could be corrected for tree height, but not shure about this",
8568-Yan2013,SK,observational,2007,2007,32.390972,102.612532,CHN,forest,forest(wood),independent,2,1,high,pooled within one LUI,,plantation of hardwood after clear cut,no/NA,no/NA,no/NA,no/NA,no/NA,yes,no/NA,no/NA,,non-woody plants,pleurocarpous moss,primary producers,yes,14.54,5.15,1.43,Figure 1,13,300,m²,wood,,stem / ha,2266.67,937.19,259.93,Table 1,13,300,m²,"yield = density of stems, could be corrected for tree height, but not shure about this",